{
    "accuracy": 0.7272727272727273,
    "precision": 0.6304347826086957,
    "recall": 0.5370370370370371,
    "f1_score": 0.58
}